source,website,domain,emails,phones,date
empresachile,https://www.serviciodi.com,serviciodi.com,finanzas@serviciodi.com,"+56 24174063, +56 24174064, +56 24174066, +56 283643215, +56 737081350, +56 737081397, +56 757523830, +56 757524149, +56 757524191, +56 757524206, +56 757528032, +56 757528055, +56 759801377, +56 920145567, +56 949722019",2026-04-22
empresachile,https://emprendetupyme.cl/,emprendetupyme.cl,contacto@emprendetupyme.cl,"+56 21463689, +56 221168334, +56 227249205, +56 260156915, +56 26084386, +56 268046434, +56 268511941, +56 297267021, +56 332743596, +56 512704659, +56 517462181, +56 658420021, +56 660002202, +56 660044307, +56 660449238, +56 661633962, +56 669896310, +56 670418514, +56 670912170, +56 671780777, +56 673154948, +56 900939033, +56 912578892, +56 921049155, +56 926980577, +56 932699511, +56 935755524, +56 950666450, +56 961006203, +56 978249266, +56 984721225, +56 998702952",2026-04-22
empresachile,https://tutordoctorcoquimbo.cl,tutordoctorcoquimbo.cl,contacto@tutordoctorcoquimbo.cl,"+56 222636876, +56 714117618, +56 977471960, +56 982955454, +56 999999999",2026-04-22
empresachile,https://www.rura.cl,rura.cl,contacto@rura.cl,"+56 222281282, +56 951820344, +56 971731025, +56 989939016",2026-04-22
empresachile,https://datasoporte.cl/soporte-informatico/,datasoporte.cl,contacto@datasoporte.cl,"+56 228254855, +56 334206016, +56 993622009",2026-04-22
empresachile,https://gopromocionales.cl,gopromocionales.cl,contacto@gopromocionales.cl,"+56 201283150, +56 29896170, +56 328492228, +56 432982026, +56 542744173, +56 912345678, +56 944464448, +56 958082958, +56 965613431, +56 968591206",2026-04-22
empresachile,https://mangobanana.cl/,mangobanana.cl,contacto@mangobanana.cl,"+56 20575608, +56 214748264, +56 214748284, +56 22998531, +56 23454252, +56 23469352, +56 23710306, +56 23810119, +56 23890403, +56 24056498, +56 24443766, +56 24671358, +56 26611594, +56 27178427, +56 27271301, +56 275563338, +56 29644271, +56 671990824, +56 675771852, +56 920256903, +56 957859076, +56 957859906, +56 964343217, +56 986689642",2026-04-22
empresachile,https://www.joyeriacaceres.cl,joyeriacaceres.cl,contacto@joyeriacaceres.cl,"+56 200020006, +56 203323592, +56 208762450, +56 261391666, +56 292426640, +56 323852144, +56 334081829, +56 676274687, +56 908308710, +56 916345546, +56 916359467, +56 918486918, +56 939193958, +56 942225260, +56 942252605, +56 942252606, +56 955995511, +56 995829991",2026-04-22
apollo,https://tenpo.cl,tenpo.cl,ayuda@tenpo.cl,"+56 20250401, +56 21446701, +56 21451633",2026-04-22
apollo,https://vitawallet.io,vitawallet.io,"ayuda@vitawallet.io, cumplimiento@vitawallet.io, marketing@vitawallet.io, soporte@vitawallet.io","+56 26066103, +56 653324096, +56 914582022, +56 925867862, +56 931515400, +56 946166025, +56 986853181, +56 994416700",2026-04-22
apollo,https://duemint.com,duemint.com,soporte@duemint.com,"+56 225708636, +56 968997059",2026-04-22
apollo,https://venti.com,venti.com,onlineshop@venti.com,"+56 21234369, +56 21317075, +56 22436563, +56 22600392, +56 226110980, +56 226110990, +56 226111000, +56 24015895, +56 26212766, +56 26650168, +56 28027427, +56 28735234, +56 410166427, +56 521114027, +56 522588763, +56 554377200, +56 554377600, +56 554377700, +56 626525594, +56 927754238, +56 967217569, +56 971871404, +56 973787459, +56 973834244",2026-04-22
